[
  {
    "id": "c6d3b04e-7328-479e-a458-a212ff1bc497",
    "data": [
      {
        "text": "what is price of ",
        "userDefined": false
      },
      {
        "text": "bitcoin",
        "meta": "@sys.any",
        "alias": "coinname",
        "userDefined": true
      }
    ],
    "isTemplate": false,
    "count": 0,
    "lang": "en",
    "updated": 0
  },
  {
    "id": "aabc4789-140d-43a2-94c0-bddd4aa86856",
    "data": [
      {
        "text": "price of bit",
        "userDefined": false
      }
    ],
    "isTemplate": false,
    "count": 0,
    "lang": "en",
    "updated": 0
  }
]